{
    "state.ee_pos": {
        "mean": [
            0.552095353603363,
            0.041036926209926605,
            0.2634390890598297
        ],
        "std": [
            0.10678549110889435,
            0.1824219971895218,
            0.10627695173025131
        ],
        "min": [
            0.28211814165115356,
            -0.33863192796707153,
            0.12882834672927856
        ],
        "max": [
            0.8107832074165344,
            0.4680993854999542,
            0.5902454853057861
        ],
        "q01": [
            0.3085735672712326,
            -0.23506778299808503,
            0.1688372164964676
        ],
        "q99": [
            0.7799265253543853,
            0.420679832100868,
            0.5887133979797363
        ]
    },
    "state.ee_rot": {
        "mean": [
            0.04020536318421364,
            0.002904905704781413,
            0.09545714408159256
        ],
        "std": [
            3.087447166442871,
            0.08402737230062485,
            0.37603679299354553
        ],
        "min": [
            -3.141592264175415,
            -0.30239030718803406,
            -1.082999348640442
        ],
        "max": [
            3.141592502593994,
            0.3876815736293793,
            1.3586502075195312
        ],
        "q01": [
            -3.140713059902191,
            -0.15767423465847968,
            -0.7567142796516418
        ],
        "q99": [
            3.1411471366882324,
            0.31674429565668105,
            1.0456508827209472
        ]
    },
    "state.joints": {
        "mean": [
            0.09860100597143173,
            0.3340735137462616,
            -0.0157331433147192,
            -1.9893407821655273,
            -0.06939942389726639,
            2.3171372413635254,
            0.03600968420505524
        ],
        "std": [
            0.6589785218238831,
            0.47287535667419434,
            0.6041864156723022,
            0.30985090136528015,
            0.3339107930660248,
            0.27481532096862793,
            0.4800748825073242
        ],
        "min": [
            -2.690401315689087,
            -1.5754246711730957,
            -2.4975767135620117,
            -2.7414398193359375,
            -1.4602097272872925,
            1.4489511251449585,
            -2.1210219860076904
        ],
        "max": [
            2.656336784362793,
            1.5797553062438965,
            2.256641387939453,
            -0.46049338579177856,
            1.6154141426086426,
            2.8623859882354736,
            1.5188480615615845
        ],
        "q01": [
            -1.8273956429958345,
            -1.0400040543079376,
            -2.245860481262207,
            -2.5799650859832766,
            -0.9665142601728439,
            1.5724127495288849,
            -1.234433217048645
        ],
        "q99": [
            2.249732062816618,
            1.0935181319713592,
            1.624897849559783,
            -1.0096552002429964,
            1.0771445822715757,
            2.7252457213401793,
            1.1063170039653774
        ]
    },
    "state.gripper": {
        "mean": [
            -0.5946956872940063
        ],
        "std": [
            0.8039509654045105
        ],
        "min": [
            -1.0
        ],
        "max": [
            1.0
        ],
        "q01": [
            -1.0
        ],
        "q99": [
            1.0
        ]
    },
    "action.joints": {
        "mean": [
            0.09962976723909378,
            0.33751624822616577,
            -0.015924004837870598,
            -1.9881606101989746,
            -0.06965480744838715,
            2.3195393085479736,
            0.03660876303911209
        ],
        "std": [
            0.6599775552749634,
            0.4697631001472473,
            0.6050796508789062,
            0.309298574924469,
            0.3345021903514862,
            0.2721863389015198,
            0.48028719425201416
        ],
        "min": [
            -2.690401315689087,
            -1.5754246711730957,
            -2.4975767135620117,
            -2.7414398193359375,
            -1.4602097272872925,
            1.4489511251449585,
            -2.1210219860076904
        ],
        "max": [
            2.656336784362793,
            1.5797553062438965,
            2.256641387939453,
            -0.46049338579177856,
            1.6154141426086426,
            2.8623859882354736,
            1.5188480615615845
        ],
        "q01": [
            -1.8274429106712342,
            -1.0407797360420228,
            -2.245860481262207,
            -2.5799650859832766,
            -0.9669425511360168,
            1.573021411895752,
            -1.234433217048645
        ],
        "q99": [
            2.2563812923431366,
            1.0937506389617915,
            1.6254940152168273,
            -1.0096552002429964,
            1.0774296021461487,
            2.7252457213401793,
            1.1063170039653774
        ]
    },
    "action.delta_ee_pos": {
        "mean": [
            0.0010873450664803386,
            -0.00031393286189995706,
            0.0013243700377643108
        ],
        "std": [
            0.003054792294278741,
            0.006771071348339319,
            0.0031216293573379517
        ],
        "min": [
            -0.02787918783724308,
            -0.04824132099747658,
            -0.0321393758058548
        ],
        "max": [
            0.01974366046488285,
            0.04196199029684067,
            0.0203144159168005
        ],
        "q01": [
            -0.005800969824194908,
            -0.01596602713689208,
            -0.008646676074713469
        ],
        "q99": [
            0.010754691120237105,
            0.013230161871761079,
            0.009514394709840406
        ]
    },
    "action.delta_ee_rot": {
        "mean": [
            6.611718617932638e-06,
            6.692030729027465e-05,
            -0.00041593355126678944
        ],
        "std": [
            0.005584104917943478,
            0.004446582868695259,
            0.018709659576416016
        ],
        "min": [
            -0.07373720407485962,
            -0.238599956035614,
            -0.47326725721359253
        ],
        "max": [
            0.21293778717517853,
            0.1578231155872345,
            0.2577893137931824
        ],
        "q01": [
            -0.01205821130424738,
            -0.0088848081137985,
            -0.05657433945685625
        ],
        "q99": [
            0.01959070825949311,
            0.016157131083309614,
            0.03372457664459942
        ]
    },
    "action.gripper": {
        "mean": [
            -0.5946956872940063
        ],
        "std": [
            0.8039509654045105
        ],
        "min": [
            -1.0
        ],
        "max": [
            1.0
        ],
        "q01": [
            -1.0
        ],
        "q99": [
            1.0
        ]
    },
    "timestamp": {
        "mean": [
            14.115084648132324
        ],
        "std": [
            10.300917625427246
        ],
        "min": [
            0.0
        ],
        "max": [
            64.26667022705078
        ],
        "q01": [
            0.20000000298023224
        ],
        "q99": [
            45.53333282470703
        ]
    },
    "task_index": {
        "mean": [
            0.7850440740585327
        ],
        "std": [
            0.4107917249202728
        ],
        "min": [
            0.0
        ],
        "max": [
            1.0
        ],
        "q01": [
            0.0
        ],
        "q99": [
            1.0
        ]
    },
    "annotation.human.action.task_description": {
        "mean": [
            0.7850440740585327
        ],
        "std": [
            0.4107917249202728
        ],
        "min": [
            0.0
        ],
        "max": [
            1.0
        ],
        "q01": [
            0.0
        ],
        "q99": [
            1.0
        ]
    },